,road,town,location,vehicles,accident_types,hospital,injuries,brands,day,time,age,latitude,longitude,hourly_temperature_2m,hourly_precipitation,hourly_rain,hourly_showers,hourly_visibility,hourly_windspeed_10m,hourly_winddirection_10m,daily_weather_code,daily_rain_sum,daily_wind_gusts_10m_max,daily_wind_speed_10m_max,daily_wind_direction_10m_dominant,weather_matched_hour_utc,vehicles_parsed,accident_types_parsed,hospital_parsed,injuries_parsed,brands_parsed,hour,num_vehicles,num_brands,month,year,has_motorcycle,has_car,has_pedestrian,has_van,injury_severity,is_grievous,day_num,is_weekend,severity_label
0,Triq il-Belt Valletta,Iż-Żurrieq,"('Triq il-Belt Valletta', 'Iż-Żurrieq')","['Car', 'Motorcycle']","['Collision', 'Accident']",['Mater Dei'],[],"['Toyota', 'Piaggio']",Thursday,09:30,67,35.8294676,14.4745172,20.91699982,0,0,0,52960,3.893995285,146.309906,3,0,24.11999893,12.57425976,258.4615479,2025-10-09 22:00:00+00:00,"['Car', 'Motorcycle']","['Collision', 'Accident']",['Mater Dei'],[],"['Toyota', 'Piaggio']",9.5,2,2,10,2025,1,1,0,0,0,0,3,0,None/Unknown
1,Triq Dawret il-Gudja,Il-Gudja,"('Triq Dawret il-Gudja', 'Il-Gudja')","['Car', 'Motorcycle']","['Collision', 'Accident']",['Mater Dei'],['Grievous'],"['Honda', 'Kawasaki']",Friday,18:30,64,35.8483258,14.5030882,22.90049934,0,0,0,33800,6.763785839,334.7989197,80,0,21.59999847,10.07999992,346.301239,2025-06-20 22:00:00+00:00,"['Car', 'Motorcycle']","['Collision', 'Accident']",['Mater Dei'],['Grievous'],"['Honda', 'Kawasaki']",18.5,2,2,6,2025,1,1,0,0,3,1,4,0,Grievous
2,Valley Road,Ħal Qormi,"('Valley Road', 'Ħal Qormi')","['Car', 'Motorcycle']","['Collision', 'Accident']",['Mater Dei'],['Grievous'],"['Honda', 'Ford']",Monday,08:00,34,35.877464,14.4739598,18.40600014,0,0,0,20300,11.75387669,297.3497925,3,0,41.39999771,18.59844971,334.4191284,2025-05-12 22:00:00+00:00,"['Car', 'Motorcycle']","['Collision', 'Accident']",['Mater Dei'],['Grievous'],"['Honda', 'Ford']",8,2,2,5,2025,1,1,0,0,3,1,0,0,Grievous
3,Triq Dawret Ħal Għaxaq,Ħal Ghaxaq,"('Triq Dawret Ħal Għaxaq', 'Ħal Ghaxaq')","['Car', 'Motorcycle']","['Collision', 'Accident']",['Mater Dei'],['Grievous'],"['Malaguti', 'Volvo']",Wednesday,18:00,42,35.8484527,14.5173587,22.77649879,0,0,0,25440,9.028754234,274.573822,2,0,45.71999741,18.5321331,304.3182373,2025-07-30 22:00:00+00:00,"['Car', 'Motorcycle']","['Collision', 'Accident']",['Mater Dei'],['Grievous'],"['Malaguti', 'Volvo']",18,2,2,7,2025,1,1,0,0,3,1,2,0,Grievous
4,Triq il-Buqana,Ir-Rabat,"('Triq il-Buqana', 'Ir-Rabat')","['Car', 'Motorcycle']","['Collision', 'Accident']",['Mater Dei'],['Grievous'],"['Kia', 'Kymco']",Monday,20:45,25,35.8818906,14.3988213,13.00150013,0,0,0,46880,7.754636765,68.1985321,80,0,51.47999954,25.84990501,70.31113434,2025-04-07 22:00:00+00:00,"['Car', 'Motorcycle']","['Collision', 'Accident']",['Mater Dei'],['Grievous'],"['Kia', 'Kymco']",20.75,2,2,4,2025,1,1,0,0,3,1,0,0,Grievous
5,Triq Aldo Moro,Il-Marsa,"('Triq Aldo Moro', 'Il-Marsa')","['Car', 'Van', 'Motorcycle']","['Collision', 'Accident']",['Mater Dei'],['Grievous'],"['Yamaha', 'Van', 'Hyundai']",Wednesday,08:50,36,35.882892,14.4944898,18.54249954,0,0,0,35680,12.96499825,181.5911102,3,0,79.91999817,24.45881271,147.2299652,2025-04-16 22:00:00+00:00,"['Car', 'Van', 'Motorcycle']","['Collision', 'Accident']",['Mater Dei'],['Grievous'],"['Yamaha', 'Van', 'Hyundai']",8.833333333,3,3,4,2025,1,1,0,1,3,1,2,0,Grievous
6,Mosta Road,Ħal Lija,"('Mosta Road', 'Ħal Lija')","['Car', 'Van', 'Motorcycle']","['Collision', 'Accident']",['Mater Dei'],['Slight'],"['Suzuki', 'Van', 'Renault', 'Swift']",Wednesday,10:30,24,35.901766,14.4476136,26.22050095,0,0,0,15060,3.319036007,257.4711914,1,0,39.23999786,12.59999847,304.4265442,2025-07-23 22:00:00+00:00,"['Car', 'Van', 'Motorcycle']","['Collision', 'Accident']",['Mater Dei'],['Slight'],"['Suzuki', 'Van', 'Renault', 'Swift']",10.5,3,4,7,2025,1,1,0,1,1,0,2,0,Slight
7,Triq tal-Barrani,Iż-Żejtun,"('Triq tal-Barrani', 'Iż-Żejtun')",['Motorcycle'],"['Collision', 'Accident']",['Mater Dei'],"['Serious', 'Grievous']",['Peugeot'],Sunday,08:15,66,35.853701,14.53153,24.90649986,0,0,0,61900,10.93120289,287.2415466,1,0,37.43999863,14.82570648,297.645874,2025-08-03 22:00:00+00:00,['Motorcycle'],"['Collision', 'Accident']",['Mater Dei'],"['Serious', 'Grievous']",['Peugeot'],8.25,1,1,8,2025,1,0,0,0,3,1,6,1,Grievous
8,John Adye Street,In-Naxxar,"('John Adye Street', 'In-Naxxar')",['Motorcycle'],"['Collision', 'Accident']",['Mater Dei'],['Grievous'],['Honda'],Saturday,15:45,35,35.9133396,14.4432851,23.86899948,0,0,0,18120,2.036467552,135.0001068,1,0,19.44000053,10.13769245,278.5308228,2025-06-14 22:00:00+00:00,['Motorcycle'],"['Collision', 'Accident']",['Mater Dei'],['Grievous'],['Honda'],15.75,1,1,6,2025,1,0,0,0,3,1,5,1,Grievous
9,St James Square,Ħaż-Żabbar,"('St James Square', 'Ħaż-Żabbar')","['Vehicle', 'Motorcycle']",['Accident'],['Mater Dei'],"['Grievous', 'Slight']",['James'],Saturday,09:15,79,35.8753368,14.5374788,12.57149982,0,0,0,33520,2.902412653,29.74479485,2,0,29.87999916,13.20272636,345.9636841,2024-12-28 22:00:00+00:00,"['Vehicle', 'Motorcycle']",['Accident'],['Mater Dei'],"['Grievous', 'Slight']",['James'],9.25,2,1,12,2024,1,0,0,0,3,1,5,1,Grievous
10,Coast Road,In-Naxxar,"('Coast Road', 'In-Naxxar')",['Motorcycle'],['Accident'],['Mater Dei'],['Serious'],['Honda'],Sunday,08:00,40,35.9133396,14.4432851,13.71899986,0,0,0,45560,11.440979,294.1455383,3,0,41.39999771,22.6571312,308.3482361,2025-03-16 22:00:00+00:00,['Motorcycle'],['Accident'],['Mater Dei'],['Serious'],['Honda'],8,1,1,3,2025,1,0,0,0,2,0,6,1,Serious
11,Cospicua Seafront,Bormla,"('Cospicua Seafront', 'Bormla')","['Pedestrian', 'Car']",['Accident'],['Mater Dei'],"['Some', 'Grievous']",['Nissan'],Tuesday,13:00,48,35.8825817,14.522721,15.53649998,0,0,0,8060,10.02843857,291.0375671,3,0,38.88000107,15.97848606,336.491333,2025-04-22 22:00:00+00:00,"['Pedestrian', 'Car']",['Accident'],['Mater Dei'],"['Some', 'Grievous']",['Nissan'],13,2,1,4,2025,0,1,1,0,3,1,1,0,Grievous
12,Żabbar Road,Il-Fgura,"('Żabbar Road', 'Il-Fgura')","['Pedestrian', 'Car']",['Accident'],['Mater Dei'],['Grievous'],['Ford'],Thursday,10:15,32,35.8728325,14.520799,19.80200005,0,0,0,47080,13.7225647,85.48609924,3,0,39.23999786,18.71999931,62.67471695,2025-05-08 22:00:00+00:00,"['Pedestrian', 'Car']",['Accident'],['Mater Dei'],['Grievous'],['Ford'],10.25,2,1,5,2025,0,1,1,0,3,1,3,0,Grievous
13,Triq Sant 'Elizabetta,Ix-Xewkija,"(""Triq Sant 'Elizabetta"", 'Ix-Xewkija')",['Motorcycle'],['Accident'],['Gozo General Hospital'],['Grievous'],['Kentoya'],Saturday,22:00,64,36.0323529,14.2609952,24.62049866,0,0,0,26600,2.41495347,116.5649872,0,0,25.19999886,13.20272636,223.7546692,2025-06-14 22:00:00+00:00,['Motorcycle'],['Accident'],['Gozo General Hospital'],['Grievous'],['Kentoya'],22,1,1,6,2025,1,0,0,0,3,1,5,1,Grievous
14,Sa Maison Street,Tal-Pieta',"('Sa Maison Street', ""Tal-Pieta'"")","['Pedestrian', 'Car']",['Accident'],['Mater Dei'],[],['Hyundai'],Sunday,08:30,77,35.892353,14.4934881,23.11250114,0,0,0,47860,3.054701328,135.0001068,2,0,26.63999939,10.31511497,109.1855698,2025-09-21 22:00:00+00:00,"['Pedestrian', 'Car']",['Accident'],['Mater Dei'],[],['Hyundai'],8.5,2,1,9,2025,0,1,1,0,0,0,6,1,None/Unknown
15,Luqa Road,Ħal Luqa,"('Luqa Road', 'Ħal Luqa')","['Pedestrian', 'Car']",['Accident'],['Mater Dei'],"['Some', 'Grievous']",['Nissan'],Thursday,12:00,80,35.859653,14.4892913,13.35700035,0,0,0,29360,6.21456337,259.9920959,3,0,60.12000275,27.11734581,281.5909119,2025-04-17 22:00:00+00:00,"['Pedestrian', 'Car']",['Accident'],['Mater Dei'],"['Some', 'Grievous']",['Nissan'],12,2,1,4,2025,0,1,1,0,3,1,3,0,Grievous
16,Triq il-Baċir,Raħal Ġdid,"('Triq il-Baċir', 'Raħal Ġdid')",['Car'],"['Collision', 'Accident']",['Mater Dei'],['Grievous'],['Toyota'],Friday,07:30,80,35.8717994,14.5073748,12.4649992,0,0,0,56400,7.993297577,97.76508331,80,0,32.76000214,13.39761162,87.17059326,2025-02-21 22:00:00+00:00,['Car'],"['Collision', 'Accident']",['Mater Dei'],['Grievous'],['Toyota'],7.5,1,1,2,2025,0,1,0,0,3,1,4,0,Grievous
17,Triq Sir Philip Pullicino,L-Imtarfa,"('Triq Sir Philip Pullicino', 'L-Imtarfa')","['Pedestrian', 'Car']",['Accident'],['Mater Dei'],['Grievous'],['Ford'],Sunday,10:15,13,35.8915754,14.3978902,14.23600006,0.100000001,0,0.100000001,20500,29.21550179,292.4569702,3,0,58.67999649,29.21550179,301.6887207,2024-12-22 22:00:00+00:00,"['Pedestrian', 'Car']",['Accident'],['Mater Dei'],['Grievous'],['Ford'],10.25,2,1,12,2024,0,1,1,0,3,1,6,1,Grievous
18,Triq Nazzjonali,Floriana,"('Triq Nazzjonali', 'Floriana')",['Motorcycle'],"['Collision', 'Accident']",['Mater Dei'],['Grievous'],['Peugeot'],Friday,13:30,61,35.8929838,14.5052716,12.47149944,0,0,0,56400,7.993297577,97.76508331,80,0,32.76000214,13.39761162,87.17059326,2025-02-21 22:00:00+00:00,['Motorcycle'],"['Collision', 'Accident']",['Mater Dei'],['Grievous'],['Peugeot'],13.5,1,1,2,2025,1,0,0,0,3,1,4,0,Grievous
19,Triq il-Perit Dom Mintoff,Raħal Ġdid,"('Triq il-Perit Dom Mintoff', 'Raħal Ġdid')",['Motorcycle'],['Accident'],['Mater Dei'],['Serious'],['Honda'],Sunday,21:00,54,35.8717994,14.5073748,23.2650013,0,0,0,20600,5.447788239,277.5945435,3,0,25.55999947,9.746630669,270.2580566,2025-09-14 22:00:00+00:00,['Motorcycle'],['Accident'],['Mater Dei'],['Serious'],['Honda'],21,1,1,9,2025,1,0,0,0,2,0,6,1,Serious
20,Triq Emmanuele Luigi Galizia,Il-Marsa,"('Triq Emmanuele Luigi Galizia', 'Il-Marsa')",['Motorcycle'],"['Collision', 'Accident']",['Mater Dei'],['Grievous'],"['Daelim', 'Bmw']",Saturday,15:15,55,35.882892,14.4944898,25.69249916,0,0,0,45420,10.82995796,291.4478149,45,0,29.51999855,12.10157013,297.8069458,2025-08-30 22:00:00+00:00,['Motorcycle'],"['Collision', 'Accident']",['Mater Dei'],['Grievous'],"['Daelim', 'Bmw']",15.25,1,2,8,2025,1,0,0,0,3,1,5,1,Grievous
21,Dawret il-Gudja,Il-Gudja,"('Dawret il-Gudja', 'Il-Gudja')",['Car'],"['Collision', 'Accident']",['Mater Dei'],['Serious'],"['Ford', 'Skoda']",Saturday,19:45,50,35.8483258,14.5030882,15.75049973,0,0,0,33300,10.79999924,306.8699646,3,0,37.79999924,17.31745911,256.5732117,2024-12-14 22:00:00+00:00,['Car'],"['Collision', 'Accident']",['Mater Dei'],['Serious'],"['Ford', 'Skoda']",19.75,1,2,12,2024,0,1,0,0,2,0,5,1,Serious
22,Triq L. Zamenhof corner with Triq Xmiexi,L-Imsida,"('Triq L. Zamenhof corner with Triq Xmiexi', 'L-Imsida')","['Pedestrian', 'Car']",['Accident'],['Mater Dei'],['Grievous'],['Ford'],Wednesday,10:00,53,35.8956943,14.4891829,18.84449959,0,0,0,39560,4.80299902,347.0053711,3,0,32.76000214,15.46324444,0.535450697,2025-05-07 22:00:00+00:00,"['Pedestrian', 'Car']",['Accident'],['Mater Dei'],['Grievous'],['Ford'],10,2,1,5,2025,0,1,1,0,3,1,2,0,Grievous
23,Triq Għar Dalam,Birżebbuġa,"('Triq Għar Dalam', 'Birżebbuġa')",['Motorcycle'],"['Collision', 'Accident']",['Mater Dei'],['Grievous'],"['Honda', 'Peugeot']",Wednesday,13:15,23,35.8269478,14.5274189,19.44750023,0,0,0,44160,7.594207287,5.440250397,3,0,29.87999916,16.45006943,10.18234062,2025-05-07 22:00:00+00:00,['Motorcycle'],"['Collision', 'Accident']",['Mater Dei'],['Grievous'],"['Honda', 'Peugeot']",13.25,1,2,5,2025,1,0,0,0,3,1,2,0,Grievous
24,Triq Diċembru Tlettax,Il-Marsa,"('Triq Diċembru Tlettax', 'Il-Marsa')",['Car'],['Accident'],['Mater Dei'],['Grievous'],['Toyota'],Friday,07:45,36,35.882892,14.4944898,14.29249954,0,0,0,58540,9.06456852,6.842679024,80,0,38.15999985,16.70415497,28.72364044,2024-12-27 22:00:00+00:00,['Car'],['Accident'],['Mater Dei'],['Grievous'],['Toyota'],7.75,1,1,12,2024,0,1,0,0,3,1,4,0,Grievous
25,December 13 Road,Il-Marsa,"('December 13 Road', 'Il-Marsa')",['Motorcycle'],['Accident'],['Mater Dei'],['Serious'],['Kymco'],Sunday,14:30,43,35.882892,14.4944898,19.39249992,0,0,0,30020,4.452953815,104.0362701,3,0,39.95999908,19.083395,182.6517639,2025-05-04 22:00:00+00:00,['Motorcycle'],['Accident'],['Mater Dei'],['Serious'],['Kymco'],14.5,1,1,5,2025,1,0,0,0,2,0,6,1,Serious
26,Triq L-Imdina,L-Imtarfa,"('Triq L-Imdina', 'L-Imtarfa')",['Car'],['Accident'],['Mater Dei'],[],['Mercedes'],Tuesday,21:20,25,35.8915754,14.3978902,14.23600006,0,0,0,22160,14.08147717,302.4711609,3,0,39.59999847,21.26134491,214.5160522,2025-01-07 22:00:00+00:00,['Car'],['Accident'],['Mater Dei'],[],['Mercedes'],21.33333333,1,1,1,2025,0,1,0,0,0,0,1,0,None/Unknown
27,Triq Dawret il-Gudja,Il-Gudja,"('Triq Dawret il-Gudja', 'Il-Gudja')","['Car', 'Vehicle', 'Motorcycle']","['Collision', 'Accident']",['Mater Dei'],"['Grievous', 'Slight']","['Suzuki', 'Renault', 'Hyundai']",Sunday,23:00,49,35.8483258,14.5030882,22.40049934,0,0,0,40480,9.746630669,265.7636719,3,0,44.63999557,17.87355614,249.6039429,2025-10-05 22:00:00+00:00,"['Car', 'Vehicle', 'Motorcycle']","['Collision', 'Accident']",['Mater Dei'],"['Grievous', 'Slight']","['Suzuki', 'Renault', 'Hyundai']",23,3,3,10,2025,1,1,0,0,3,1,6,1,Grievous
28,Xatt l-Għassara tal-Għeneb,Il-Marsa,"('Xatt l-Għassara tal-Għeneb', 'Il-Marsa')","['Car', 'Motorcycle']","['Collision', 'Accident']",['Mater Dei'],['Grievous'],"['Honda', 'Ford']",Wednesday,07:30,39,35.882892,14.4944898,21.39249992,0,0,0,29300,7.92817688,129.4724274,0,0,45,17.28374863,136.4961395,2025-06-04 22:00:00+00:00,"['Car', 'Motorcycle']","['Collision', 'Accident']",['Mater Dei'],['Grievous'],"['Honda', 'Ford']",7.5,2,2,6,2025,1,1,0,0,3,1,2,0,Grievous
29,Triq il-Mina ta' Hompesch,Ħaż-Żabbar,"(""Triq il-Mina ta' Hompesch"", 'Ħaż-Żabbar')","['Pedestrian', 'Car']",['Accident'],['Mater Dei'],"['Serious', 'Suffering']",['Toyota'],Wednesday,23:30,52,35.8753368,14.5374788,24.82150078,0,0,0,9220,4.51078701,298.6103516,2,0,29.87999916,12.53813362,324.0210571,2025-09-17 22:00:00+00:00,"['Pedestrian', 'Car']",['Accident'],['Mater Dei'],"['Serious', 'Suffering']",['Toyota'],23.5,2,1,9,2025,0,1,1,0,2,0,2,0,Serious
30,Triq Burmarrad,San Pawl Il-Baħar,"('Triq Burmarrad', 'San Pawl Il-Baħar')","['Car', 'Motorcycle']","['Collision', 'Accident']",['Mater Dei'],['Grievous'],"['Mazda', 'Piaggio']",Friday,13:30,31,35.9480742,14.3973929,14.69699955,0,0,0,42260,4.82990694,206.5649872,3,0,37.79999924,21.21863174,267.0517883,2025-04-18 22:00:00+00:00,"['Car', 'Motorcycle']","['Collision', 'Accident']",['Mater Dei'],['Grievous'],"['Mazda', 'Piaggio']",13.5,2,2,4,2025,1,1,0,0,3,1,4,0,Grievous
31,Triq iż-Żejfa,Il-Mosta,"('Triq iż-Żejfa', 'Il-Mosta')","['Car', 'Motorcycle']","['Collision', 'Accident']",['Mater Dei'],[],"['Indian', 'Kia', 'Suzuki']",Monday,18:00,34,35.9079178,14.4241508,26.56800079,0,0,0,48620,5.692099571,198.4350433,2,0,34.91999817,18.53213501,235.9390411,2025-07-07 22:00:00+00:00,"['Car', 'Motorcycle']","['Collision', 'Accident']",['Mater Dei'],[],"['Indian', 'Kia', 'Suzuki']",18,2,3,7,2025,1,1,0,0,0,0,0,0,None/Unknown
32,Barrani Road,Iż-Żejtun,"('Barrani Road', 'Iż-Żejtun')","['Car', 'Motorcycle']","['Collision', 'Accident']",['Mater Dei'],['Grievous'],"['Honda', 'Mazda']",Thursday,09:30,46,35.853701,14.53153,13.50650024,0,0,0,29360,6.21456337,259.9920959,3,0,60.12000275,27.11734581,281.5909119,2025-04-17 22:00:00+00:00,"['Car', 'Motorcycle']","['Collision', 'Accident']",['Mater Dei'],['Grievous'],"['Honda', 'Mazda']",9.5,2,2,4,2025,1,1,0,0,3,1,3,0,Grievous
33,Regional Road,Santa Venera,"('Regional Road', 'Santa Venera')","['Car', 'Motorcycle']","['Collision', 'Accident']",['Mater Dei'],['Grievous'],"['Honda', 'Toyota']",Thursday,17:45,22,35.8897878,14.4802386,19.05850029,0,0,0,21720,9,270,95,6.600000381,74.15999603,28.82923317,145.3994904,2025-05-15 22:00:00+00:00,"['Car', 'Motorcycle']","['Collision', 'Accident']",['Mater Dei'],['Grievous'],"['Honda', 'Toyota']",17.75,2,2,5,2025,1,1,0,0,3,1,3,0,Grievous
34,Triq L-Imdina,Ħaż-Żebbuġ,"('Triq L-Imdina', 'Ħaż-Żebbuġ')","['Car', 'Motorcycle']","['Collision', 'Accident']",['Mater Dei'],['Grievous'],"['Honda', 'Renault']",Sunday,22:00,57,35.8725956,14.4398593,25.43649864,0,0,0,46160,4.024922371,259.6952209,2,0,25.19999886,11.18320084,303.0238037,2025-06-22 22:00:00+00:00,"['Car', 'Motorcycle']","['Collision', 'Accident']",['Mater Dei'],['Grievous'],"['Honda', 'Renault']",22,2,2,6,2025,1,1,0,0,3,1,6,1,Grievous
35,Triq San Pawl,San Pawl Il-Baħar,"('Triq San Pawl', 'San Pawl Il-Baħar')",['Motorcycle'],['Accident'],['Mater Dei'],['Grievous'],['Voge'],Tuesday,19:30,44,35.9480742,14.3973929,24.09700012,0,0,0,21220,3.599999905,233.1300201,45,0,22.68000031,10.9489727,258.4208069,2025-09-16 22:00:00+00:00,['Motorcycle'],['Accident'],['Mater Dei'],['Grievous'],['Voge'],19.5,1,1,9,2025,1,0,0,0,3,1,1,0,Grievous
36,Triq San Pawl,In-Naxxar,"('Triq San Pawl', 'In-Naxxar')","['Pedestrian', 'Car']",['Accident'],['Mater Dei'],['Grievous'],['Smart'],Tuesday,09:00,87,35.9133396,14.4432851,12.56900024,0,0,0,47180,22.26477051,309.0938416,80,0,61.19999695,30.65289497,307.6540222,2025-04-01 22:00:00+00:00,"['Pedestrian', 'Car']",['Accident'],['Mater Dei'],['Grievous'],['Smart'],9,2,1,4,2025,0,1,1,0,3,1,1,0,Grievous
37,Luqa Road,Raħal Ġdid,"('Luqa Road', 'Raħal Ġdid')","['Pedestrian', 'Car']",['Accident'],['Mater Dei'],['Grievous'],['Nissan'],Tuesday,16:00,75,35.8717994,14.5073748,24.36499977,0,0,0,11440,2.519999981,270,45,0,15.4800005,5.991593838,312.750824,2025-08-19 22:00:00+00:00,"['Pedestrian', 'Car']",['Accident'],['Mater Dei'],['Grievous'],['Nissan'],16,2,1,8,2025,0,1,1,0,3,1,1,0,Grievous
38,Triq Marsalforn,Ħaż-Żebbuġ,"('Triq Marsalforn', 'Ħaż-Żebbuġ')",['Car'],['Accident'],['Gozo General Hospital'],['Grievous'],['Toyota'],Wednesday,08:00,82,35.8725956,14.4398593,23.18649864,0,0,0,5000,5.692099094,325.3047791,80,0,33.83999634,15.97848606,205.8209381,2025-09-24 22:00:00+00:00,['Car'],['Accident'],['Gozo General Hospital'],['Grievous'],['Toyota'],8,1,1,9,2025,0,1,0,0,3,1,2,0,Grievous
39,in Mikiel Anton Vassalli Street,Birkirkara,"('in Mikiel Anton Vassalli Street', 'Birkirkara')",['Motorcycle'],['Accident'],['Mater Dei'],[],['Honda'],Friday,20:15,36,35.8994577,14.4649552,15.82649994,0,0,0,19480,12.72792149,331.2602844,3,0,52.91999817,25.36403656,298.982666,2025-01-24 22:00:00+00:00,['Motorcycle'],['Accident'],['Mater Dei'],[],['Honda'],20.25,1,1,1,2025,1,0,0,0,0,0,4,0,None/Unknown
40,Valley Road,L-Iklin,"('Valley Road', 'L-Iklin')","['Car', 'Motorcycle']","['Collision', 'Accident']",['Mater Dei'],['Grievous'],"['Keeway', 'Toyota']",Saturday,00:00,42,35.911112,14.4521273,12.1704998,0,0,0,45180,23.66435242,283.1906128,81,1.299999952,57.23999786,26.64972687,267.1525879,2025-02-15 22:00:00+00:00,"['Car', 'Motorcycle']","['Collision', 'Accident']",['Mater Dei'],['Grievous'],"['Keeway', 'Toyota']",0,2,2,2,2025,1,1,0,0,3,1,5,1,Grievous
41,Triq Ħompesch,Il-Fgura,"('Triq Ħompesch', 'Il-Fgura')","['Car', 'Motorcycle']","['Collision', 'Accident']",['Mater Dei'],['Grievous'],['Chevrolet'],Thursday,18:00,32,35.8728325,14.520799,12.80200005,0,0,0,25020,10.48335743,105.9454651,80,0,31.31999779,14.14575577,107.5980988,2025-02-20 22:00:00+00:00,"['Car', 'Motorcycle']","['Collision', 'Accident']",['Mater Dei'],['Grievous'],['Chevrolet'],18,2,1,2,2025,1,1,0,0,3,1,3,0,Grievous
42,Triq Sant'Antnin,Marsaskala,"(""Triq Sant'Antnin"", 'Marsaskala')","['Pedestrian', 'Car']",['Accident'],['Mater Dei'],['Grievous'],['Mazda'],Sunday,09:45,75,35.8629162,14.5591879,11.87099934,0,0,0,3360,4.896529675,306.0274658,95,0,38.88000107,18.07544136,140.7910156,2025-02-09 22:00:00+00:00,"['Pedestrian', 'Car']",['Accident'],['Mater Dei'],['Grievous'],['Mazda'],9.75,2,1,2,2025,0,1,1,0,3,1,6,1,Grievous
43,Triq Sant'Andrija,Raħal Ġdid,"(""Triq Sant'Andrija"", 'Raħal Ġdid')",['Motorcycle'],"['Collision', 'Accident']",['Mater Dei'],[],"['Honda', 'Bmw']",Saturday,01:00,27,35.8717994,14.5073748,27.21500015,0,0,0,52580,23.42490768,316.2452698,2,0,52.19999695,24.52231407,292.0016479,2025-07-26 22:00:00+00:00,['Motorcycle'],"['Collision', 'Accident']",['Mater Dei'],[],"['Honda', 'Bmw']",1,1,2,7,2025,1,0,0,0,0,0,5,1,None/Unknown
44,Triq Borġ Għarib,Għajnsielem,"('Triq Borġ Għarib', 'Għajnsielem')",['Car'],['Accident'],['Gozo General Hospital'],['Grievous'],['Renault'],Wednesday,21:15,22,36.0288642,14.2871759,26.12000084,0,0,0,21020,2.741678238,336.8013916,2,0,20.15999985,9.47012043,303.6900635,2025-07-02 22:00:00+00:00,['Car'],['Accident'],['Gozo General Hospital'],['Grievous'],['Renault'],21.25,1,1,7,2025,0,1,0,0,3,1,2,0,Grievous
45,Triq Mikiel Anton Vassalli,San Ġiljan,"('Triq Mikiel Anton Vassalli', 'San Ġiljan')","['Motorcycle', 'Van', 'Vehicle', 'Bus', 'Car']","['Collision', 'Accident']",['Mater Dei'],['Serious'],"['Ford', 'Van']",Monday,10:30,37,35.9199225,14.4877119,10.98650074,0,0,0,46180,21.9953804,291.1049194,80,0.600000024,90,35.40650558,277.9156189,2024-12-23 22:00:00+00:00,"['Motorcycle', 'Van', 'Vehicle', 'Bus', 'Car']","['Collision', 'Accident']",['Mater Dei'],['Serious'],"['Ford', 'Van']",10.5,5,2,12,2024,1,1,0,1,2,0,0,0,Serious
46,D' Argens Street,Il-Gżira,"(""D' Argens Street"", 'Il-Gżira')","['Car', 'Motorcycle']","['Collision', 'Accident']",['Mater Dei'],['Grievous'],"['Yamaha', 'Ford', 'Mazda']",Saturday,05:00,34,35.9077803,14.4961247,16.16449928,0,0,0,40460,22.91591644,133.7270508,3,0,55.79999924,22.97521973,127.063736,2025-02-01 22:00:00+00:00,"['Car', 'Motorcycle']","['Collision', 'Accident']",['Mater Dei'],['Grievous'],"['Yamaha', 'Ford', 'Mazda']",5,2,3,2,2025,1,1,0,0,3,1,5,1,Grievous
47,Giorgio Borg Olivier Street,Ir-Rabat,"('Giorgio Borg Olivier Street', 'Ir-Rabat')","['Car', 'Motorcycle']",['Accident'],['Gozo General Hospital'],['Serious'],"['Victoria', 'Kia']",Monday,12:45,21,35.8818906,14.3988213,12.05150032,0,0,0,22100,3.545588732,246.0375061,3,0,24.11999893,11.98318768,272.5733032,2025-02-17 22:00:00+00:00,"['Car', 'Motorcycle']",['Accident'],['Gozo General Hospital'],['Serious'],"['Victoria', 'Kia']",12.75,2,2,2,2025,1,1,0,0,2,0,0,0,Serious
48,"Coast Road in Naxxar.Preliminary investigations by the District Police found that a collision occurred between a Volvo double decker and a Jaguar XF. The Jaguar was being driven by an 81-year-old man from Zebbug who was accompanied by an 80-year-old woman, also from Zebbug. The double decker was being driven by a 39-year-old Kenyan national who lives",Iż-Żurrieq,"('Coast Road in Naxxar.Preliminary investigations by the District Police found that a collision occurred between a Volvo double decker and a Jaguar XF. The Jaguar was being driven by an 81-year-old man from Zebbug who was accompanied by an 80-year-old woman, also from Zebbug. The double decker was being driven by a 39-year-old Kenyan national who lives', 'Iż-Żurrieq')",['Car'],"['Collision', 'Accident']",['Mater Dei'],"['Grievous', 'Slight']","['Jaguar', 'Volvo']",Sunday,15:15,81,35.8294676,14.4745172,16.61700058,0,0,0,34580,23.23325157,130.6012115,3,0,44.63999557,24.19510651,140.5768585,2025-04-13 22:00:00+00:00,['Car'],"['Collision', 'Accident']",['Mater Dei'],"['Grievous', 'Slight']","['Jaguar', 'Volvo']",15.25,1,2,4,2025,0,1,0,0,3,1,6,1,Grievous
49,Triq il-Fortizza tal-Mosta,In-Naxxar,"('Triq il-Fortizza tal-Mosta', 'In-Naxxar')",['Motorcycle'],"['Collision', 'Accident']",['Mater Dei'],['Grievous'],['Daelim'],Thursday,10:15,45,35.9133396,14.4432851,13.61900043,0.600000024,0.200000003,0.400000006,35460,18.12913704,96.84268188,80,0.800000012,33.11999893,18.12913704,102.9867249,2025-01-16 22:00:00+00:00,['Motorcycle'],"['Collision', 'Accident']",['Mater Dei'],['Grievous'],['Daelim'],10.25,1,1,1,2025,1,0,0,0,3,1,3,0,Grievous
50,Kennedy Drive,San Pawl Il-Baħar,"('Kennedy Drive', 'San Pawl Il-Baħar')","['Vehicle', 'Motorcycle']",['Accident'],['Mater Dei'],['Grievous'],['Peugeot'],Thursday,21:15,21,35.9480742,14.3973929,21.24699974,0,0,0,65020,3.21993804,116.5649872,3,0,31.31999779,15.14141369,148.3451233,2025-06-05 22:00:00+00:00,"['Vehicle', 'Motorcycle']",['Accident'],['Mater Dei'],['Grievous'],['Peugeot'],21.25,2,1,6,2025,1,0,0,0,3,1,3,0,Grievous
51,Triq il-Kappella Ta' Xagħra,In-Naxxar,"(""Triq il-Kappella Ta' Xagħra"", 'In-Naxxar')","['Pedestrian', 'Car']",['Accident'],[],['Grievous'],['Hyundai'],Monday,09:30,84,35.9133396,14.4432851,19.91899872,0,0,0,75180,21.28875732,341.2585449,80,0,54,27.26747322,317.585022,2025-10-06 22:00:00+00:00,"['Pedestrian', 'Car']",['Accident'],[],['Grievous'],['Hyundai'],9.5,2,1,10,2025,0,1,1,0,3,1,0,0,Grievous
52,Mosta Road,L-Imġarr,"('Mosta Road', 'L-Imġarr')",['Motorcycle'],['Accident'],['Mater Dei'],['Grievous'],"['Honda', 'Indian']",Monday,19:00,33,35.9194409,14.3665109,25.1269989,0,0,0,30140,1.527350664,135.0001068,1,0,15.4800005,7.289444923,6.775552273,2025-08-11 22:00:00+00:00,['Motorcycle'],['Accident'],['Mater Dei'],['Grievous'],"['Honda', 'Indian']",19,1,2,8,2025,1,0,0,0,3,1,0,0,Grievous
53,Coast Road,In-Naxxar,"('Coast Road', 'In-Naxxar')",['Motorcycle'],['Accident'],['Mater Dei'],['Grievous'],"['Bmw', 'Suzuki']",Sunday,14:30,46,35.9133396,14.4432851,14.56900024,0,0,0,25660,6.830519199,288.4350281,3,0,36.71999741,20.03748512,258.858551,2025-01-26 22:00:00+00:00,['Motorcycle'],['Accident'],['Mater Dei'],['Grievous'],"['Bmw', 'Suzuki']",14.5,1,2,1,2025,1,0,0,0,3,1,6,1,Grievous
54,1230 hrs in Cospicua Road,Ħaż-Żabbar,"('1230 hrs in Cospicua Road', 'Ħaż-Żabbar')","['Car', 'Motorcycle']","['Collision', 'Accident']",['Mater Dei'],['Grievous'],"['Honda', 'Fiat', 'Hyundai']",Thursday,11:30,48,35.8753368,14.5374788,22.9715004,0,0,0,23240,2.902412653,299.7447815,2,0,26.63999939,10.49571323,333.8825989,2025-08-07 22:00:00+00:00,"['Car', 'Motorcycle']","['Collision', 'Accident']",['Mater Dei'],['Grievous'],"['Honda', 'Fiat', 'Hyundai']",11.5,2,3,8,2025,1,1,0,0,3,1,3,0,Grievous
55,Triq il-Ħotba,Iż-Żejtun,"('Triq il-Ħotba', 'Iż-Żejtun')","['Motorcycle', 'Truck']","['Collision', 'Accident']",['Mater Dei'],['Grievous'],"['Honda', 'Indian']",Friday,12:00,62,35.853701,14.53153,14.00650024,0,0,0,58540,9.06456852,6.842679024,80,0,38.15999985,16.70415497,28.72364044,2024-12-27 22:00:00+00:00,"['Motorcycle', 'Truck']","['Collision', 'Accident']",['Mater Dei'],['Grievous'],"['Honda', 'Indian']",12,2,2,12,2024,1,0,0,0,3,1,4,0,Grievous
56,Coast Road,In-Naxxar,"('Coast Road', 'In-Naxxar')","['Car', 'Motorcycle']","['Collision', 'Accident']",['Mater Dei'],['Serious'],"['Moto', 'Cf', 'Toyota']",Monday,16:00,44,35.9133396,14.4432851,24.5189991,0,0,0,10760,4.104631424,285.2551575,2,0,18.3599987,11.48620033,313.0870972,2025-08-18 22:00:00+00:00,"['Car', 'Motorcycle']","['Collision', 'Accident']",['Mater Dei'],['Serious'],"['Moto', 'Cf', 'Toyota']",16,2,3,8,2025,1,1,0,0,2,0,0,0,Serious
57,Republic Street,Ir-Rabat,"('Republic Street', 'Ir-Rabat')","['Pedestrian', 'Car', 'Motorcycle']",['Accident'],['Gozo General Hospital'],[],"['Mazda', 'Victoria']",Tuesday,12:15,29,35.8818906,14.3988213,23.6515007,0,0,0,21560,4.198285103,300.9636841,2,0,22.68000031,11.54247761,272.3788147,2025-09-16 22:00:00+00:00,"['Pedestrian', 'Car', 'Motorcycle']",['Accident'],['Gozo General Hospital'],[],"['Mazda', 'Victoria']",12.25,3,2,9,2025,1,1,1,0,0,0,1,0,None/Unknown
58,Mikiel Anton Vassalli Street,San Ġiljan,"('Mikiel Anton Vassalli Street', 'San Ġiljan')",['Motorcycle'],['Accident'],['Mater Dei'],['Grievous'],['Bmw'],Thursday,15:30,28,35.9199225,14.4877119,12.48650074,0,0,0,48820,6.618519306,22.38018417,3,0,30.96000099,14.40899658,1.974885702,2024-12-26 22:00:00+00:00,['Motorcycle'],['Accident'],['Mater Dei'],['Grievous'],['Bmw'],15.5,1,1,12,2024,1,0,0,0,3,1,3,0,Grievous
59,,Ħal Qormi,"(None, 'Ħal Qormi')",['Motorcycle'],['Accident'],[],[],['Suzuki'],Tuesday,12:30,35,35.877464,14.4739598,19.00600052,0,0,0,35460,14.91721153,278.3255615,2,0,47.51999664,20.6741581,282.3427734,2025-05-27 22:00:00+00:00,['Motorcycle'],['Accident'],[],[],['Suzuki'],12.5,1,1,5,2025,1,0,0,0,0,0,1,0,None/Unknown
60,Triq iż-Żejfa,Ir-Rabat,"('Triq iż-Żejfa', 'Ir-Rabat')",['Motorcycle'],"['Collision', 'Accident']",['Mater Dei'],[],"['Peugeot', 'Bmw']",Friday,02:00,46,35.8818906,14.3988213,14.70149994,0,0,0,47240,3.70642662,209.0545044,3,0,38.88000107,22.00716209,272.3059082,2025-04-18 22:00:00+00:00,['Motorcycle'],"['Collision', 'Accident']",['Mater Dei'],[],"['Peugeot', 'Bmw']",2,1,2,4,2025,1,0,0,0,0,0,4,0,None/Unknown
61,Aldo Moro Street,Il-Marsa,"('Aldo Moro Street', 'Il-Marsa')","['Car', 'Motorcycle']","['Collision', 'Accident']",['Mater Dei'],['Grievous'],"['Yamaha', 'Toyota']",Saturday,07:15,65,35.882892,14.4944898,19.04249954,0.100000001,0,0.100000001,30540,20.07302475,327.4500122,3,0,47.15999985,21.43738556,349.1817017,2025-05-24 22:00:00+00:00,"['Car', 'Motorcycle']","['Collision', 'Accident']",['Mater Dei'],['Grievous'],"['Yamaha', 'Toyota']",7.25,2,2,5,2025,1,1,0,0,3,1,5,1,Grievous
62,Triq il-Kannizzata,Ħal Balzan,"('Triq il-Kannizzata', 'Ħal Balzan')","['Pedestrian', 'Car']",['Accident'],['Mater Dei'],['Grievous'],['Mazda'],Thursday,08:15,44,35.8986113,14.4510172,15.99849987,0,0,0,41760,10.13769245,253.4955597,3,0,46.79999924,20.94816399,288.0977478,2024-12-19 22:00:00+00:00,"['Pedestrian', 'Car']",['Accident'],['Mater Dei'],['Grievous'],['Mazda'],8.25,2,1,12,2024,0,1,1,0,3,1,3,0,Grievous
63,Balal Road,San Ġwann,"('Balal Road', 'San Ġwann')","['Car', 'Truck', 'Bike']",['Accident'],['Mater Dei'],['Grievous'],['Daf'],Friday,10:45,33,35.9093052,14.4788042,14.27649975,0,0,0,42060,17.05731392,277.2749023,80,0,70.91999817,30.49818039,281.6375732,2025-03-28 22:00:00+00:00,"['Car', 'Truck', 'Bike']",['Accident'],['Mater Dei'],['Grievous'],['Daf'],10.75,3,1,3,2025,0,1,0,0,3,1,4,0,Grievous
64,Mikiel Anton Vassalli Street,L-Imsida,"('Mikiel Anton Vassalli Street', 'L-Imsida')","['Car', 'Motorcycle']","['Collision', 'Accident']",['Mater Dei'],['Grievous'],"['Honda', 'Smart']",Thursday,18:30,40,35.8956943,14.4891829,23.94449997,0,0,0,29500,8.121970177,257.1957397,2,0,30.23999786,12.78380203,338.4120483,2025-07-10 22:00:00+00:00,"['Car', 'Motorcycle']","['Collision', 'Accident']",['Mater Dei'],['Grievous'],"['Honda', 'Smart']",18.5,2,2,7,2025,1,1,0,0,3,1,3,0,Grievous
65,Republic Street,Ir-Rabat,"('Republic Street', 'Ir-Rabat')","['Pedestrian', 'Motorcycle']",['Accident'],['Gozo General Hospital'],['Grievous'],"['Victoria', 'Lintex']",Thursday,14:15,70,35.8818906,14.3988213,22.60149956,0,0,0,54100,5.495161057,328.3925476,3,0,29.87999916,15.11142445,325.309845,2025-09-25 22:00:00+00:00,"['Pedestrian', 'Motorcycle']",['Accident'],['Gozo General Hospital'],['Grievous'],"['Victoria', 'Lintex']",14.25,2,2,9,2025,1,0,1,0,3,1,3,0,Grievous
66,Triq ix-Xatt Ta' Xbiex,Ta' Xbiex,"(""Triq ix-Xatt Ta' Xbiex"", ""Ta' Xbiex"")","['Pedestrian', 'Car']",['Accident'],['Mater Dei'],['Grievous'],['Toyota'],Monday,07:45,28,35.8991087,14.4948986,24.84049988,0,0,0,44220,13.77911377,340.1446838,2,0,44.27999878,19.57618904,304.6138916,2025-08-04 22:00:00+00:00,"['Pedestrian', 'Car']",['Accident'],['Mater Dei'],['Grievous'],['Toyota'],7.75,2,1,8,2025,0,1,1,0,3,1,0,0,Grievous
67,Salini Street,In-Naxxar,"('Salini Street', 'In-Naxxar')","['Car', 'Motorcycle']",['Accident'],['Mater Dei'],"['Serious', 'Slight']","['Yamaha', 'Mercedes', 'Honda', 'Aprilia']",Sunday,09:30,31,35.9133396,14.4432851,14.46899986,0,0,0,35420,21.9953804,291.1049194,3,0,47.88000107,23.0315609,303.3807373,2024-12-22 22:00:00+00:00,"['Car', 'Motorcycle']",['Accident'],['Mater Dei'],"['Serious', 'Slight']","['Yamaha', 'Mercedes', 'Honda', 'Aprilia']",9.5,2,4,12,2024,1,1,0,0,2,0,6,1,Serious
68,Triq Tas-Sliema,Il-Gżira,"('Triq Tas-Sliema', 'Il-Gżira')","['Pedestrian', 'Car']",['Accident'],['Mater Dei'],['Grievous'],['Toyota'],Wednesday,09:30,74,35.9077803,14.4961247,25.81450081,0,0,0,12340,3.319036007,229.3987885,2,0,23.39999962,9.504273415,313.2375793,2025-07-23 22:00:00+00:00,"['Pedestrian', 'Car']",['Accident'],['Mater Dei'],['Grievous'],['Toyota'],9.5,2,1,7,2025,0,1,1,0,3,1,2,0,Grievous
69,Triq San Anard,Ħal Tarxien,"('Triq San Anard', 'Ħal Tarxien')",['Motorcycle'],['Accident'],['Mater Dei'],"['Serious', 'Grievous']",['Kawasaki'],Thursday,04:30,40,35.8648857,14.5114877,27.72400093,0,0,0,60880,1.799999952,323.1300049,1,0,18,6.839999676,213.3885193,2025-07-24 22:00:00+00:00,['Motorcycle'],['Accident'],['Mater Dei'],"['Serious', 'Grievous']",['Kawasaki'],4.5,1,1,7,2025,1,0,0,0,3,1,3,0,Grievous
70,Triq L-Imġarr,L-Imġarr,"('Triq L-Imġarr', 'L-Imġarr')","['Car', 'Motorcycle']","['Collision', 'Accident']",['Mater Dei'],['Serious'],"['Honda', 'Toyota']",Tuesday,15:30,54,35.9194409,14.3665109,18.8769989,0,0,0,42240,5.351784706,19.6539135,3,0,36.71999741,19.45332718,45.97967529,2025-05-06 22:00:00+00:00,"['Car', 'Motorcycle']","['Collision', 'Accident']",['Mater Dei'],['Serious'],"['Honda', 'Toyota']",15.5,2,2,5,2025,1,1,0,0,2,0,1,0,Serious
71,Triq il-Kilpa,Is-Siġġiewi,"('Triq il-Kilpa', 'Is-Siġġiewi')","['Car', 'Bike']",['Accident'],['Mater Dei'],['Grievous'],['Toyota'],Sunday,11:00,50,35.8539354,14.438063,12.8760004,0,0,0,8020,9.504272461,307.3040161,80,0,69.83999634,29.14221573,311.5905457,2025-02-16 22:00:00+00:00,"['Car', 'Bike']",['Accident'],['Mater Dei'],['Grievous'],['Toyota'],11,2,1,2,2025,0,1,0,0,3,1,6,1,Grievous
72,Triq Alfredo Cachia Zammit,Iż-Żejtun,"('Triq Alfredo Cachia Zammit', 'Iż-Żejtun')","['Car', 'Motorcycle']","['Collision', 'Accident']",['Mater Dei'],['Grievous'],"['Yamaha', 'Skoda']",Tuesday,11:30,58,35.853701,14.53153,11.45650005,0,0,0,34580,2.902412653,330.2552185,3,0,19.44000053,8.89134407,344.0545349,2025-02-04 22:00:00+00:00,"['Car', 'Motorcycle']","['Collision', 'Accident']",['Mater Dei'],['Grievous'],"['Yamaha', 'Skoda']",11.5,2,2,2,2025,1,1,0,0,3,1,1,0,Grievous
73,Triq Dun Manwel Zammit,Is-Siġġiewi,"('Triq Dun Manwel Zammit', 'Is-Siġġiewi')","['Pedestrian', 'Car']",['Accident'],['Mater Dei'],['Grievous'],['Toyota'],Thursday,06:30,78,35.8539354,14.438063,24.12599945,0,0,0,33400,9.366919518,272.2025452,2,0,34.56000137,16.3948288,324.0359497,2025-07-10 22:00:00+00:00,"['Pedestrian', 'Car']",['Accident'],['Mater Dei'],['Grievous'],['Toyota'],6.5,2,1,7,2025,0,1,1,0,3,1,3,0,Grievous
74,Triq Ix-Xatt,Il-Gżira,"('Triq Ix-Xatt', 'Il-Gżira')",['Motorcycle'],"['Collision', 'Accident']",['Mater Dei'],"['Grievous', 'Slight']",['Honda'],Friday,18:15,24,35.9077803,14.4961247,22.41450119,0,0,0,12360,4.072935104,224.9998932,2,0,29.87999916,12.28755474,279.2249451,2025-09-05 22:00:00+00:00,['Motorcycle'],"['Collision', 'Accident']",['Mater Dei'],"['Grievous', 'Slight']",['Honda'],18.25,1,1,9,2025,1,0,0,0,3,1,4,0,Grievous
75,Birżebbuġa Road,Birżebbuġa,"('Birżebbuġa Road', 'Birżebbuġa')",['Car'],"['Collision', 'Accident']",['Mater Dei'],['Grievous'],"['Smart', 'Toyota']",Monday,17:45,41,35.8269478,14.5274189,17.64749908,0,0,0,26520,17.72794342,113.9624939,3,0,51.83999634,28.82024193,134.4979553,2025-04-14 22:00:00+00:00,['Car'],"['Collision', 'Accident']",['Mater Dei'],['Grievous'],"['Smart', 'Toyota']",17.75,1,2,4,2025,0,1,0,0,3,1,0,0,Grievous
76,an accident in Salina Road,In-Naxxar,"('an accident in Salina Road', 'In-Naxxar')",['Motorcycle'],['Accident'],['Mater Dei'],[],['Honda'],Thursday,10:15,65,35.9133396,14.4432851,27.81899834,0,0,0,54920,1.835646987,348.690094,0,0,16.91999817,7.862518311,246.392807,2025-07-24 22:00:00+00:00,['Motorcycle'],['Accident'],['Mater Dei'],[],['Honda'],10.25,1,1,7,2025,1,0,0,0,0,0,3,0,None/Unknown
77,St Joseph High Road,Il-Ħamrun,"('St Joseph High Road', 'Il-Ħamrun')","['Car', 'Motorcycle']","['Collision', 'Accident']",['Mater Dei'],['Grievous'],['Renault'],Monday,09:45,62,35.8867896,14.4854096,18.33449936,0,0,0,20300,11.75387669,297.3497925,3,0,41.39999771,18.59844971,334.4191284,2025-05-12 22:00:00+00:00,"['Car', 'Motorcycle']","['Collision', 'Accident']",['Mater Dei'],['Grievous'],['Renault'],9.75,2,1,5,2025,1,1,0,0,3,1,0,0,Grievous
78,Triq il-Palma,Raħal Ġdid,"('Triq il-Palma', 'Raħal Ġdid')","['Pedestrian', 'Car']",['Accident'],['Mater Dei'],['Grievous'],['Renault'],Tuesday,19:00,68,35.8717994,14.5073748,11.51499939,0,0,0,34580,2.902412653,330.2552185,3,0,19.44000053,8.89134407,344.0545349,2025-02-04 22:00:00+00:00,"['Pedestrian', 'Car']",['Accident'],['Mater Dei'],['Grievous'],['Renault'],19,2,1,2,2025,0,1,1,0,3,1,1,0,Grievous
79,Triq Tal-Barrani,Iż-Żejtun,"('Triq Tal-Barrani', 'Iż-Żejtun')","['Car', 'Motorcycle']","['Collision', 'Accident']",['Mater Dei'],['Grievous'],"['Yamaha', 'Suzuki', 'Toyota']",Wednesday,07:45,21,35.853701,14.53153,10.15649986,0.200000003,0,0.200000003,5960,0.359999985,90,80,0,56.51999664,24.48264694,24.83115578,2025-01-15 22:00:00+00:00,"['Car', 'Motorcycle']","['Collision', 'Accident']",['Mater Dei'],['Grievous'],"['Yamaha', 'Suzuki', 'Toyota']",7.75,2,3,1,2025,1,1,0,0,3,1,2,0,Grievous
80,Triq Villabate,Marsaskala,"('Triq Villabate', 'Marsaskala')","['Car', 'Motorcycle']","['Collision', 'Accident']",['Mater Dei'],[],"['Peugeot', 'Nissan']",Thursday,10:00,38,35.8629162,14.5591879,24.02099991,0,0,0,35860,2.41495347,333.4350281,1,0,23.75999832,11.30422878,53.02476883,2025-06-12 22:00:00+00:00,"['Car', 'Motorcycle']","['Collision', 'Accident']",['Mater Dei'],[],"['Peugeot', 'Nissan']",10,2,2,6,2025,1,1,0,0,0,0,3,0,None/Unknown
81,Triq L-Għarb,L-Għarb,"('Triq L-Għarb', 'L-Għarb')",['Motorcycle'],"['Collision', 'Accident']",['Gozo General Hospital'],"['The', 'Grievous']","['Honda', 'Kymco']",Saturday,13:30,30,36.0598182,14.209081,24.83199883,0,0,0,52920,7.244860172,116.5649872,3,0,33.83999634,18.34587669,76.61385345,2025-09-20 22:00:00+00:00,['Motorcycle'],"['Collision', 'Accident']",['Gozo General Hospital'],"['The', 'Grievous']","['Honda', 'Kymco']",13.5,1,2,9,2025,1,0,0,0,3,1,5,1,Grievous
82,Triq E. Bradford corner with Triq il-Kappella tax-Xagħra,In-Naxxar,"('Triq E. Bradford corner with Triq il-Kappella tax-Xagħra', 'In-Naxxar')","['Pedestrian', 'Car']",['Accident'],['Mater Dei'],['Grievous'],['Volkswagen'],Wednesday,11:15,60,35.9133396,14.4432851,15.36900043,0,0,0,40140,10.07999992,90,3,0,20.15999985,10.23945332,74.10710144,2024-12-11 22:00:00+00:00,"['Pedestrian', 'Car']",['Accident'],['Mater Dei'],['Grievous'],['Volkswagen'],11.25,2,1,12,2024,0,1,1,0,3,1,2,0,Grievous
83,Triq Hompesh,Il-Fgura,"('Triq Hompesh', 'Il-Fgura')",['Car'],['Accident'],['Mater Dei'],['Grievous'],['Toyota'],Tuesday,20:00,24,35.8728325,14.520799,13.90200043,0,0,0,17060,7.421589851,292.8336792,3,0,42.47999954,18.8648243,217.1280518,2025-01-07 22:00:00+00:00,['Car'],['Accident'],['Mater Dei'],['Grievous'],['Toyota'],20,1,1,1,2025,0,1,0,0,3,1,1,0,Grievous
84,Hompesch Street,Il-Fgura,"('Hompesch Street', 'Il-Fgura')",['Car'],"['Collision', 'Accident']",['Mater Dei'],['Grievous'],"['Audi', 'Toyota']",Sunday,15:30,23,35.8728325,14.520799,25.50200081,0,0,0,40700,20.39011383,312.1375122,1,0,60.47999573,26.95916557,310.40271,2025-07-27 22:00:00+00:00,['Car'],"['Collision', 'Accident']",['Mater Dei'],['Grievous'],"['Audi', 'Toyota']",15.5,1,2,7,2025,0,1,0,0,3,1,6,1,Grievous
85,,L-Imsida,"(None, 'L-Imsida')","['Pedestrian', 'Car', 'Vehicle']",['Accident'],['Mater Dei'],"['Head', 'Serious']",['Volkswagen'],Monday,13:15,5,35.8956943,14.4891829,17.94449997,0,0,0,11360,5.447788239,262.4054565,1,0,31.68000031,13.45070839,328.3280945,2025-05-26 22:00:00+00:00,"['Pedestrian', 'Car', 'Vehicle']",['Accident'],['Mater Dei'],"['Head', 'Serious']",['Volkswagen'],13.25,3,1,5,2025,0,1,1,0,2,0,0,0,Serious
86,Triq L-Imġarr,Il-Qala,"('Triq L-Imġarr', 'Il-Qala')","['Car', 'Motorcycle']","['Collision', 'Accident']",['Gozo General Hospital'],['Grievous'],"['Honda', 'Kia']",Thursday,05:30,53,36.036291,14.3103502,20.90550041,0,0,0,72540,22.45026398,344.1807251,80,0,65.15999603,28.25713158,315.4527283,2025-10-02 22:00:00+00:00,"['Car', 'Motorcycle']","['Collision', 'Accident']",['Gozo General Hospital'],['Grievous'],"['Honda', 'Kia']",5.5,2,2,10,2025,1,1,0,0,3,1,3,0,Grievous
87,Blue Grotto Avenue,Iż-Żurrieq,"('Blue Grotto Avenue', 'Iż-Żurrieq')","['Pedestrian', 'Car']",['Accident'],['Mater Dei'],['Grievous'],['Citroen'],Wednesday,19:30,63,35.8294676,14.4745172,11.31700039,0.400000006,0,0.400000006,9880,2.276839733,18.43505287,80,0,55.79999924,31.40471268,24.29576492,2025-01-15 22:00:00+00:00,"['Pedestrian', 'Car']",['Accident'],['Mater Dei'],['Grievous'],['Citroen'],19.5,2,1,1,2025,0,1,1,0,3,1,2,0,Grievous
88,Triq il-Marfa,Il-Mellieħa,"('Triq il-Marfa', 'Il-Mellieħa')","['Car', 'Vehicle', 'Motorcycle']",['Accident'],['Mater Dei'],"['Sustained', 'Slight']","['Suzuki', 'Toyota']",Tuesday,14:15,50,35.9599618,14.368367,13.16549969,0,0,0,12120,9.659813881,243.4350128,3,0,30.96000099,16.20399857,258.057312,2025-02-25 22:00:00+00:00,"['Car', 'Vehicle', 'Motorcycle']",['Accident'],['Mater Dei'],"['Sustained', 'Slight']","['Suzuki', 'Toyota']",14.25,3,2,2,2025,1,1,0,0,1,0,1,0,Slight
89,Triq Kordin,Raħal Ġdid,"('Triq Kordin', 'Raħal Ġdid')",['Motorcycle'],['Accident'],['Mater Dei'],['Grievous'],"['Indian', 'Hyosung']",Saturday,22:00,26,35.8717994,14.5073748,15.36499977,0,0,0,13860,2.099142551,329.0363159,3,0,37.79999924,15.79083252,292.2525635,2025-04-26 22:00:00+00:00,['Motorcycle'],['Accident'],['Mater Dei'],['Grievous'],"['Indian', 'Hyosung']",22,1,2,4,2025,1,0,0,0,3,1,5,1,Grievous
90,Triq il-Marfa,Il-Mellieħa,"('Triq il-Marfa', 'Il-Mellieħa')","['Pedestrian', 'Motorcycle']",['Accident'],['Mater Dei'],[],['Honda'],Saturday,17:30,17,35.9599618,14.368367,16.51550102,0,0,0,45800,14.61883736,307.9987793,3,0,37.43999863,19.64228058,268.2101135,2024-12-14 22:00:00+00:00,"['Pedestrian', 'Motorcycle']",['Accident'],['Mater Dei'],[],['Honda'],17.5,2,1,12,2024,1,0,1,0,0,0,5,1,None/Unknown
91,Triq Għar Dalam,Marsaskala,"('Triq Għar Dalam', 'Marsaskala')","['Pedestrian', 'Car', 'Van', 'Motorcycle']",['Accident'],['Mater Dei'],['Grievous'],"['Van', 'Toyota']",Sunday,10:00,36,35.8629162,14.5591879,23.47100067,0,0,0,51760,9.726663589,321.0090027,3,0,39.23999786,15.59676743,328.6395264,2025-09-28 22:00:00+00:00,"['Pedestrian', 'Car', 'Van', 'Motorcycle']",['Accident'],['Mater Dei'],['Grievous'],"['Van', 'Toyota']",10,4,2,9,2025,1,1,1,1,3,1,6,1,Grievous
92,Triq Ta' Lawrenti,Is-Siġġiewi,"(""Triq Ta' Lawrenti"", 'Is-Siġġiewi')",['Car'],"['Collision', 'Accident']",['Mater Dei'],['Grevious'],"['Smart', 'Volvo']",Sunday,14:30,34,35.8539354,14.438063,23.12599945,0,0,0,41920,11.21213531,275.5274353,3,0,47.15999985,19.88164902,253.3957214,2025-10-05 22:00:00+00:00,['Car'],"['Collision', 'Accident']",['Mater Dei'],['Grevious'],"['Smart', 'Volvo']",14.5,1,2,10,2025,0,1,0,0,0,0,6,1,None/Unknown
93,Triq Sant' Andrija,San Ġiljan,"(""Triq Sant' Andrija"", 'San Ġiljan')","['Car', 'Motorcycle']",['Accident'],['Mater Dei'],"['To', 'Grevious']","['Toyota', 'Kymco']",Saturday,12:00,36,35.9199225,14.4877119,18.93649864,0,0,0,48860,3.70642662,240.9454803,3,0,37.07999802,14.18235493,319.2156982,2025-10-04 22:00:00+00:00,"['Car', 'Motorcycle']",['Accident'],['Mater Dei'],"['To', 'Grevious']","['Toyota', 'Kymco']",12,2,2,10,2025,1,1,0,0,0,0,5,1,None/Unknown
94,Triq Sir Anthony Mamo,Birkirkara,"('Triq Sir Anthony Mamo', 'Birkirkara')","['Car', 'Motorcycle']","['Collision', 'Accident']",[],['Serious'],"['Honda', 'Nissan']",Friday,05:30,57,35.8994577,14.4649552,26.87650108,0,0,0,50600,12.21880531,315.0000916,3,0,47.88000107,20.15035439,315.5831604,2025-08-22 22:00:00+00:00,"['Car', 'Motorcycle']","['Collision', 'Accident']",[],['Serious'],"['Honda', 'Nissan']",5.5,2,2,8,2025,1,1,0,0,2,0,4,0,Serious
95,Triq Żagħfran,Ħ'Attard,"('Triq Żagħfran', ""Ħ'Attard"")","['Car', 'Motorcycle']","['Collision', 'Accident']",['Mater Dei'],[],['Toyota'],Sunday,08:30,19,35.8909172,14.4430093,15.24449921,0,0,0,11160,11.60965061,299.7447815,3,0,45,22.06597328,281.1708984,2025-04-06 22:00:00+00:00,"['Car', 'Motorcycle']","['Collision', 'Accident']",['Mater Dei'],[],['Toyota'],8.5,2,1,4,2025,1,1,0,0,0,0,6,1,None/Unknown
96,Triq ix-Xagħra,Ix-Xagħra,"('Triq ix-Xagħra', 'Ix-Xagħra')",['Car'],"['Collision', 'Accident']",[],"['Grievous', 'Slight']","['Nissan', 'Hyundai']",Saturday,17:00,74,36.0502996,14.2648446,18.16899872,0,0,0,71420,3.617955208,185.710495,3,0,22.31999779,11.52562332,217.8247681,2025-05-03 22:00:00+00:00,['Car'],"['Collision', 'Accident']",[],"['Grievous', 'Slight']","['Nissan', 'Hyundai']",17,1,2,5,2025,0,1,0,0,3,1,5,1,Grievous
97,Triq Melqart,Marsaxlokk,"('Triq Melqart', 'Marsaxlokk')","['Car', 'Van', 'Motorcycle']","['Collision', 'Accident']",['Mater Dei'],[],"['Ford', 'Van', 'Kymco']",Monday,11:00,30,35.8417662,14.5448353,27.18649864,0,0,0,59780,13.77911377,326.7250977,1,0,35.27999878,19.96621132,264.4866638,2025-07-14 22:00:00+00:00,"['Car', 'Van', 'Motorcycle']","['Collision', 'Accident']",['Mater Dei'],[],"['Ford', 'Van', 'Kymco']",11,3,3,7,2025,1,1,0,1,0,0,0,0,None/Unknown
98,Cottoner Avenue,Il-Fgura,"('Cottoner Avenue', 'Il-Fgura')","['Pedestrian', 'Car']",['Accident'],['Mater Dei'],['Grievous'],['Mitsubishi'],Sunday,07:30,87,35.8728325,14.520799,23.55200005,0,0,0,43100,2.41495347,243.4350128,0,0,33.83999634,14.03999901,320.423645,2025-08-31 22:00:00+00:00,"['Pedestrian', 'Car']",['Accident'],['Mater Dei'],['Grievous'],['Mitsubishi'],7.5,2,1,8,2025,0,1,1,0,3,1,6,1,Grievous
99,Triq ir-Rabat,Ħaż-Żebbuġ,"('Triq ir-Rabat', 'Ħaż-Żebbuġ')","['Van', 'Motorcycle']",['Accident'],['Gozo General Hospital'],['Grievous'],['Van'],Sunday,21:00,25,35.8725956,14.4398593,12.23650074,0,0,0,2940,5.60028553,315.0000916,95,0,39.59999847,19.35313988,141.2073212,2025-02-09 22:00:00+00:00,"['Van', 'Motorcycle']",['Accident'],['Gozo General Hospital'],['Grievous'],['Van'],21,2,1,2,2025,1,0,0,1,3,1,6,1,Grievous
100,Dawret San Pawl,San Pawl Il-Baħar,"('Dawret San Pawl', 'San Pawl Il-Baħar')",['Motorcycle'],['Accident'],['Mater Dei'],[],['Honda'],Wednesday,17:00,54,35.9480742,14.3973929,15.24699974,0,0,0,30400,8.647496223,92.38589478,3,0,18.71999931,9,74.44533539,2024-12-11 22:00:00+00:00,['Motorcycle'],['Accident'],['Mater Dei'],[],['Honda'],17,1,1,12,2024,1,0,0,0,0,0,2,0,None/Unknown
101,Triq is-Sorijiet,Ħal Tarxien,"('Triq is-Sorijiet', 'Ħal Tarxien')","['Car', 'Vehicle']","['Collision', 'Accident']",['Mater Dei'],"['Grievous', 'Slight']","['Fiat', 'Hyundai']",Sunday,01:30,25,35.8648857,14.5114877,11.6239996,0,0,0,3360,4.896529675,306.0274658,95,0,38.88000107,18.07544136,140.7910156,2025-02-09 22:00:00+00:00,"['Car', 'Vehicle']","['Collision', 'Accident']",['Mater Dei'],"['Grievous', 'Slight']","['Fiat', 'Hyundai']",1.5,2,2,2,2025,0,1,0,0,3,1,6,1,Grievous
102,Triq Marsaxlokk,Marsaxlokk,"('Triq Marsaxlokk', 'Marsaxlokk')",['Car'],['Accident'],['Mater Dei'],['Grievous'],['Toyota'],Sunday,08:00,35,35.8417662,14.5448353,17.28649902,0,0,0,34580,23.23325157,130.6012115,3,0,44.63999557,24.19510651,140.5768585,2025-04-13 22:00:00+00:00,['Car'],['Accident'],['Mater Dei'],['Grievous'],['Toyota'],8,1,1,4,2025,0,1,0,0,3,1,6,1,Grievous
103,Attard Road,Ħaż-Żebbuġ,"('Attard Road', 'Ħaż-Żebbuġ')","['Car', 'Motorcycle']","['Collision', 'Accident']",['Mater Dei'],['Grievous'],"['Peugeot', 'Benelli']",Wednesday,18:30,32,35.8725956,14.4398593,25.8864994,0,0,0,14720,9.793059349,143.9725342,2,0,32.76000214,14.61883736,162.8661652,2025-08-27 22:00:00+00:00,"['Car', 'Motorcycle']","['Collision', 'Accident']",['Mater Dei'],['Grievous'],"['Peugeot', 'Benelli']",18.5,2,2,8,2025,1,1,0,0,3,1,2,0,Grievous
104,Triq Rodolfu,Tas-Sliema,"('Triq Rodolfu', 'Tas-Sliema')","['Car', 'Motorcycle']","['Collision', 'Accident']",['Mater Dei'],['Grievous'],"['Dacia', 'Kymco']",Thursday,18:00,47,35.9127609,14.5020708,14.4800005,0,0,0,29940,9.832679749,246.2504883,3,0,45.71999741,19.61586952,228.7254791,2025-01-23 22:00:00+00:00,"['Car', 'Motorcycle']","['Collision', 'Accident']",['Mater Dei'],['Grievous'],"['Dacia', 'Kymco']",18,2,2,1,2025,1,1,0,0,3,1,3,0,Grievous
105,Pinto Wharf,Floriana,"('Pinto Wharf', 'Floriana')","['Pedestrian', 'Car']",['Accident'],['Mater Dei'],['Serious'],['Toyota'],Sunday,13:15,57,35.8929838,14.5052716,25.37150002,0,0,0,50320,3.758510351,253.3006744,2,0,24.84000015,11.29849529,324.3600464,2025-06-22 22:00:00+00:00,"['Pedestrian', 'Car']",['Accident'],['Mater Dei'],['Serious'],['Toyota'],13.25,2,1,6,2025,0,1,1,0,2,0,6,1,Serious
106,Vjal L-Istadium Nazzjonali in Ta' Qali,Ħ'Attard,"(""Vjal L-Istadium Nazzjonali in Ta' Qali"", ""Ħ'Attard"")",['Motorcycle'],['Accident'],['Mater Dei'],['Grievous'],['Kymco'],Wednesday,09:00,52,35.8909172,14.4430093,12.59449959,0,0,0,5660,6.877789974,96.00891876,3,0,27.71999931,13.27614403,74.12752533,2025-02-05 22:00:00+00:00,['Motorcycle'],['Accident'],['Mater Dei'],['Grievous'],['Kymco'],9,1,1,2,2025,1,0,0,0,3,1,2,0,Grievous
107,Triq il-Ġermanja,In-Naxxar,"('Triq il-Ġermanja', 'In-Naxxar')",['Car'],['Accident'],['Mater Dei'],[],['Toyota'],Thursday,10:45,78,35.9133396,14.4432851,14.86900043,0,0,0,43520,11.440979,245.8544617,3,0,39.95999908,20.6741581,282.5617371,2024-12-19 22:00:00+00:00,['Car'],['Accident'],['Mater Dei'],[],['Toyota'],10.75,1,1,12,2024,0,1,0,0,0,0,3,0,None/Unknown
108,Vjal il-Helsien,Ħaż-Żebbuġ,"('Vjal il-Helsien', 'Ħaż-Żebbuġ')",['Motorcycle'],['Accident'],['Mater Dei'],"['Grievous', 'Sustained', 'Slight']",['Peugeot'],Sunday,08:00,68,35.8725956,14.4398593,13.83650017,0,0,0,33520,10.51421833,308.0470886,3,0,53.63999557,23.44150162,313.7016907,2025-03-16 22:00:00+00:00,['Motorcycle'],['Accident'],['Mater Dei'],"['Grievous', 'Sustained', 'Slight']",['Peugeot'],8,1,1,3,2025,1,0,0,0,3,1,6,1,Grievous
109,Triq il-Wied ta' Birkirkara,Birkirkara,"(""Triq il-Wied ta' Birkirkara"", 'Birkirkara')","['Car', 'Scooter']","['Collision', 'Accident']",['Mater Dei'],['Grievous'],['Mazda'],Friday,22:15,41,35.8994577,14.4649552,25.7765007,0,0,0,15260,4.896529198,17.10282516,2,0,40.68000031,19.17485619,317.6521301,2025-07-18 22:00:00+00:00,"['Car', 'Scooter']","['Collision', 'Accident']",['Mater Dei'],['Grievous'],['Mazda'],22.25,2,1,7,2025,0,1,0,0,3,1,4,0,Grievous
110,St Luke's Square,Tal-Pieta',"(""St Luke's Square"", ""Tal-Pieta'"")",['Car'],"['Collision', 'Accident']",['Mater Dei'],['Grievous'],"['Volkswagen', 'Mercedes']",Tuesday,07:00,62,35.892353,14.4934881,25.3125,0,0,0,20080,3.893995285,326.309906,1,0,25.19999886,12.31389427,19.48621941,2025-08-12 22:00:00+00:00,['Car'],"['Collision', 'Accident']",['Mater Dei'],['Grievous'],"['Volkswagen', 'Mercedes']",7,1,2,8,2025,0,1,0,0,3,1,1,0,Grievous
